{"train/box_loss": 0.51807, "train/cls_loss": 0.37842, "train/dfl_loss": 0.79612, "_timestamp": 1717696175.3489134, "lr/pg0": 0.00032974910394265234, "lr/pg1": 0.00032974910394265234, "lr/pg2": 0.00032974910394265234, "_runtime": 779.1317393779755, "_step": 1, "_wandb": {"runtime": 1014}}