{"train/box_loss": 0.45107, "train/seg_loss": 0.20259, "train/cls_loss": 0.66626, "train/dfl_loss": 1.1394, "_timestamp": 1717329811.480424, "lr/pg0": 0.0015679802000000001, "lr/pg1": 0.0015679802000000001, "lr/pg2": 0.0015679802000000001, "metrics/precision(B)": 0.99636, "metrics/recall(B)": 1.0, "metrics/mAP50(B)": 0.995, "metrics/mAP50-95(B)": 0.88867, "metrics/precision(M)": 0.99636, "metrics/recall(M)": 1.0, "metrics/mAP50(M)": 0.995, "metrics/mAP50-95(M)": 0.91064, "val/box_loss": 0.48949, "val/seg_loss": 0.94518, "val/cls_loss": 0.98534, "val/dfl_loss": 1.24481, "labels": {"_type": "image-file", "sha256": "30bf3a4fa4c8a314a8de5f90140567794bce88367b3c8267e9edd97fdc263e99", "size": 90539, "path": "media/images/labels_1_30bf3a4fa4c8a314a8de.jpg", "format": "jpg", "width": 1600, "height": 1600}, "train_batch0": {"_type": "image-file", "sha256": "be01fd96ed7682e4d4551a8613d4abd2dcc5802233190083bc3249d3f7f1415f", "size": 615416, "path": "media/images/train_batch0_1_be01fd96ed7682e4d455.jpg", "format": "jpg", "width": 1920, "height": 1920}, "train_batch1": {"_type": "image-file", "sha256": "41dd1768e996522651cc3462737b3b8600bc71c17f568c16a0e0432a74a812c3", "size": 567540, "path": "media/images/train_batch1_1_41dd1768e996522651cc.jpg", "format": "jpg", "width": 1920, "height": 1920}, "train_batch2": {"_type": "image-file", "sha256": "094c1f75fc78cb0c7dff293308c52d67dc43dafa74f01258e19f9084539a1fb2", "size": 557668, "path": "media/images/train_batch2_1_094c1f75fc78cb0c7dff.jpg", "format": "jpg", "width": 1920, "height": 1920}, "model/parameters": 3264006, "model/GFLOPs": 12.11, "model/speed_PyTorch(ms)": 316.885, "_runtime": 1546.0330839157104, "_step": 4, "_wandb": {"runtime": 1589}}