{"train/box_loss": 0.43504, "train/cls_loss": 0.29828, "train/dfl_loss": 0.78725, "_timestamp": 1717769152.2780473, "lr/pg0": 0.0009406, "lr/pg1": 0.0009406, "lr/pg2": 0.0009406, "metrics/precision(B)": 0, "metrics/recall(B)": 0, "metrics/mAP50(B)": 0, "metrics/mAP50-95(B)": 0, "val/box_loss": 0, "val/cls_loss": 0, "val/dfl_loss": 0, "labels": {"_type": "image-file", "sha256": "1e260009853c36b8e15595c0a4c2923860b8dd3f450070baf26f0faaeaaedbbc", "size": 107359, "path": "media/images/labels_1_1e260009853c36b8e155.jpg", "format": "jpg", "width": 1600, "height": 1600}, "train_batch0": {"_type": "image-file", "sha256": "d5d3e28cfc8cce6de817f065830d2e51019ed5904394a596826fc852f5593bf8", "size": 831558, "path": "media/images/train_batch0_1_d5d3e28cfc8cce6de817.jpg", "format": "jpg", "width": 1924, "height": 1924}, "train_batch1": {"_type": "image-file", "sha256": "3f932eb6fa8fff31caaf4cf63cc17e00e987e72d652d5496bf87e150c86afbf6", "size": 772255, "path": "media/images/train_batch1_1_3f932eb6fa8fff31caaf.jpg", "format": "jpg", "width": 1924, "height": 1924}, "train_batch2": {"_type": "image-file", "sha256": "95a333d7f55493de76d1ecd4d4687687ec21abdfc6ed60811012cbc5190e7e8b", "size": 800804, "path": "media/images/train_batch2_1_95a333d7f55493de76d1.jpg", "format": "jpg", "width": 1924, "height": 1924}, "model/parameters": 3012018, "model/GFLOPs": 8.2, "model/speed_PyTorch(ms)": 0.0, "_runtime": 5811.017434358597, "_step": 5, "_wandb": {"runtime": 6417}}