{"train/box_loss": 0.28293, "train/cls_loss": 0.18679, "train/dfl_loss": 0.78641, "_timestamp": 1718063156.4805286, "lr/pg0": 0.0005190389999999999, "lr/pg1": 0.0005190389999999999, "lr/pg2": 0.0005190389999999999, "metrics/precision(B)": 0.9868, "metrics/recall(B)": 0.99354, "metrics/mAP50(B)": 0.99336, "metrics/mAP50-95(B)": 0.96467, "val/box_loss": 0.25141, "val/cls_loss": 0.18497, "val/dfl_loss": 0.77286, "labels": {"_type": "image-file", "sha256": "04123ee84226480fe04a7325dc166b444599bc763469e2750f9306aa383a9369", "size": 124686, "path": "media/images/labels_1_04123ee84226480fe04a.jpg", "format": "jpg", "width": 1600, "height": 1600}, "train_batch0": {"_type": "image-file", "sha256": "d5cc448dce4c5c296f69dec5a26e729616d62c9e6e86e5b85a0bbb58900812d1", "size": 658487, "path": "media/images/train_batch0_1_d5cc448dce4c5c296f69.jpg", "format": "jpg", "width": 1924, "height": 1924}, "train_batch1": {"_type": "image-file", "sha256": "6a8141a83d62b7bd904da78db6acf4251e779b252f595e0ed63c0da5078e3a0c", "size": 697454, "path": "media/images/train_batch1_1_6a8141a83d62b7bd904d.jpg", "format": "jpg", "width": 1924, "height": 1924}, "train_batch2": {"_type": "image-file", "sha256": "bca7ed6349b75780e55b858ce01070253ac18a7d810da1fee7e61fda15141792", "size": 600981, "path": "media/images/train_batch2_1_bca7ed6349b75780e55b.jpg", "format": "jpg", "width": 1924, "height": 1924}, "model/parameters": 3012213, "model/GFLOPs": 8.201, "model/speed_PyTorch(ms)": 119.315, "_runtime": 29818.922439575195, "_step": 15, "_wandb": {"runtime": 30316}}