{"train/box_loss": 0.27049, "train/seg_loss": 0.1652, "train/cls_loss": 0.41268, "train/dfl_loss": 0.88027, "_timestamp": 1717327840.7652643, "lr/pg0": 0.001171901, "lr/pg1": 0.001171901, "lr/pg2": 0.001171901, "metrics/precision(B)": 0.99936, "metrics/recall(B)": 1.0, "metrics/mAP50(B)": 0.995, "metrics/mAP50-95(B)": 0.97759, "metrics/precision(M)": 0.99936, "metrics/recall(M)": 1.0, "metrics/mAP50(M)": 0.995, "metrics/mAP50-95(M)": 0.98984, "val/box_loss": 0.20698, "val/seg_loss": 0.15541, "val/cls_loss": 0.44622, "val/dfl_loss": 0.85429, "labels": {"_type": "image-file", "sha256": "30bf3a4fa4c8a314a8de5f90140567794bce88367b3c8267e9edd97fdc263e99", "size": 90539, "path": "media/images/labels_1_30bf3a4fa4c8a314a8de.jpg", "format": "jpg", "width": 1600, "height": 1600}, "train_batch0": {"_type": "image-file", "sha256": "4f97d38dfec8c56f79d3f4b304f3dbe60eae96e5a5515ac468030b5efbf1df4d", "size": 606133, "path": "media/images/train_batch0_1_4f97d38dfec8c56f79d3.jpg", "format": "jpg", "width": 1920, "height": 1920}, "train_batch1": {"_type": "image-file", "sha256": "cce286095ca8099e50bddd62f60426f85af03060e9f8cad5c1c50016eb1a8357", "size": 526922, "path": "media/images/train_batch1_1_cce286095ca8099e50bd.jpg", "format": "jpg", "width": 1920, "height": 1920}, "train_batch2": {"_type": "image-file", "sha256": "971a8b04b113c4e114d499e3cf4ce198f396eae5a3eda268d501002aa01ae449", "size": 547428, "path": "media/images/train_batch2_1_971a8b04b113c4e114d4.jpg", "format": "jpg", "width": 1920, "height": 1920}, "model/parameters": 3264006, "model/GFLOPs": 12.11, "model/speed_PyTorch(ms)": 147.567, "_runtime": 3509.6984691619873, "_step": 17, "_wandb": {"runtime": 3572}}