{"train/box_loss": 0.61893, "train/seg_loss": 0.30386, "train/cls_loss": 1.69927, "train/dfl_loss": 1.22839, "_timestamp": 1717321140.264533, "lr/pg0": 0.0009721477240000001, "lr/pg1": 0.0009721477240000001, "lr/pg2": 0.0009721477240000001, "metrics/precision(B)": 0.72522, "metrics/recall(B)": 0.58623, "metrics/mAP50(B)": 0.82472, "metrics/mAP50-95(B)": 0.57696, "metrics/precision(M)": 0.72522, "metrics/recall(M)": 0.58623, "metrics/mAP50(M)": 0.82964, "metrics/mAP50-95(M)": 0.68976, "val/box_loss": 0.96766, "val/seg_loss": 0.49883, "val/cls_loss": 4.05698, "val/dfl_loss": 1.39663, "labels": {"_type": "image-file", "sha256": "c7312de9677dc4a6146b50c1f14e978194f7f56cde107d9abcdef483012fcc25", "size": 86585, "path": "media/images/labels_1_c7312de9677dc4a6146b.jpg", "format": "jpg", "width": 1600, "height": 1600}, "train_batch0": {"_type": "image-file", "sha256": "6c4b2cb57c345506dfb1470c9a6ed85d0e87598cee69852e2acc5d55032a0685", "size": 610414, "path": "media/images/train_batch0_1_6c4b2cb57c345506dfb1.jpg", "format": "jpg", "width": 1920, "height": 1920}, "train_batch1": {"_type": "image-file", "sha256": "6198322dbf38c9a1cf8190298227c5b693bfa5dd155a0a679bc1697e3a198e0d", "size": 531280, "path": "media/images/train_batch1_1_6198322dbf38c9a1cf81.jpg", "format": "jpg", "width": 1920, "height": 1920}, "train_batch2": {"_type": "image-file", "sha256": "633381f494ebd4d3f0dc525a69e3f4a6d3fd9c4e3a8e2425162bfb69496b046a", "size": 527582, "path": "media/images/train_batch2_1_633381f494ebd4d3f0dc.jpg", "format": "jpg", "width": 1920, "height": 1920}, "model/parameters": 3264006, "model/GFLOPs": 12.11, "model/speed_PyTorch(ms)": 318.306, "_runtime": 954.0339131355286, "_step": 7, "_wandb": {"runtime": 973}}