{"train/box_loss": 0.1783, "train/seg_loss": 0.26725, "train/cls_loss": 0.13463, "train/dfl_loss": 0.84394, "_timestamp": 1717626751.7302284, "lr/pg0": 0.0005942855, "lr/pg1": 0.0005942855, "lr/pg2": 0.0005942855, "metrics/precision(B)": 0.99987, "metrics/recall(B)": 0.9902, "metrics/mAP50(B)": 0.99244, "metrics/mAP50-95(B)": 0.99219, "metrics/precision(M)": 0.99987, "metrics/recall(M)": 0.9902, "metrics/mAP50(M)": 0.99244, "metrics/mAP50-95(M)": 0.96963, "val/box_loss": 0.10827, "val/seg_loss": 0.16508, "val/cls_loss": 0.08631, "val/dfl_loss": 0.79091, "labels": {"_type": "image-file", "sha256": "54315d006d5ef5b0c39911e2825f76e5ac6c40892603d027c6e05bb11d20758e", "size": 88182, "path": "media/images/labels_1_54315d006d5ef5b0c399.jpg", "format": "jpg", "width": 1600, "height": 1600}, "train_batch0": {"_type": "image-file", "sha256": "83f73d4e7e71d53dda0f13021bdc9011f8946e7c1eb42d6e22bc49f29e65c0d9", "size": 748676, "path": "media/images/train_batch0_1_83f73d4e7e71d53dda0f.jpg", "format": "jpg", "width": 1920, "height": 1920}, "train_batch1": {"_type": "image-file", "sha256": "54da0b592686303a96ef09bdb22c11e2df87f85642cd94287d5b725780ea001e", "size": 654789, "path": "media/images/train_batch1_1_54da0b592686303a96ef.jpg", "format": "jpg", "width": 1920, "height": 1920}, "train_batch2": {"_type": "image-file", "sha256": "44e6d26998949c448ba2141b703ff24d7319de17777fa5ac6437f8de2a8a0573", "size": 691000, "path": "media/images/train_batch2_1_44e6d26998949c448ba2.jpg", "format": "jpg", "width": 1920, "height": 1920}, "model/parameters": 3264006, "model/GFLOPs": 12.11, "model/speed_PyTorch(ms)": 76.572, "_runtime": 21014.536135435104, "_step": 67, "_wandb": {"runtime": 21019}}