{"train/box_loss": 0.52373, "train/cls_loss": 0.59433, "train/dfl_loss": 1.00713, "_timestamp": 1717774012.7705526, "lr/pg0": 0.0005837481461538461, "lr/pg1": 0.0005837481461538461, "lr/pg2": 0.0005837481461538461, "metrics/precision(B)": 0, "metrics/recall(B)": 0, "metrics/mAP50(B)": 0, "metrics/mAP50-95(B)": 0, "val/box_loss": 0, "val/cls_loss": 0, "val/dfl_loss": 0, "labels": {"_type": "image-file", "sha256": "92d008cb0cdb071910a70f2ab0f7bf08c87a8addf9ff36cd5127a40f8041f262", "size": 107650, "path": "media/images/labels_1_92d008cb0cdb071910a7.jpg", "format": "jpg", "width": 1600, "height": 1600}, "train_batch0": {"_type": "image-file", "sha256": "13e250105c4eadcc9b9be80cac449b02a616692f91be33d38bc0c7548c51c606", "size": 729001, "path": "media/images/train_batch0_1_13e250105c4eadcc9b9b.jpg", "format": "jpg", "width": 1924, "height": 1924}, "train_batch1": {"_type": "image-file", "sha256": "0759d666fcb71367aacb93133feb4d76ea123be4de20e6043a0390b44c4a8ee9", "size": 767641, "path": "media/images/train_batch1_1_0759d666fcb71367aacb.jpg", "format": "jpg", "width": 1924, "height": 1924}, "train_batch2": {"_type": "image-file", "sha256": "0c47eea522eb364bf29bec91ac8bea240babdb9d046b6222735e944107a9eb61", "size": 780475, "path": "media/images/train_batch2_1_0c47eea522eb364bf29b.jpg", "format": "jpg", "width": 1924, "height": 1924}, "model/parameters": 3012213, "model/GFLOPs": 8.201, "model/speed_PyTorch(ms)": 0.0, "_runtime": 2309.6157355308533, "_step": 2, "_wandb": {"runtime": 2595}}